scenario,nameOM,nameMP,keyVar,plotOrder,species,simYears,harvContRule,benchmark,canER,usER,propMixHigh,enRouteMort,constrain,singleHCR,moveTAC,prodRegime,startYear,endYear,rho,arSigTransform,correlCU,corrMat,tauCatch,obsSig,mixOUSig,singOUSig,obsMixCatchSig,obsSingCatchSig,obsAgeErr,lowCatchThresh,highCatchThresh,extinctThresh,adjustSig,adjustAge,adjustForecast,adjustEnRouteSig,preFMigMort
genericRetro,ref,NA,ppnMix,1,sockeye,50,genPA,percentile,NA,NA,1,TRUE,TRUE,retro,FALSE,med,NA,NA,0.2,TRUE,0.4,FALSE,0.1,0.2,0.07,0.07,0.1,0.1,0.1,0.5,1,0.0001,1,1,1,1,0
genericRetro,ref,NA,ppnMix,2,sockeye,50,genPA,percentile,NA,NA,0.75,TRUE,TRUE,retro,FALSE,med,NA,NA,0.2,TRUE,0.4,FALSE,0.1,0.2,0.07,0.07,0.1,0.1,0.1,0.5,1,0.0001,1,1,1,1,0
genericRetro,ref,NA,ppnMix,3,sockeye,50,genPA,percentile,NA,NA,0.5,TRUE,TRUE,retro,FALSE,med,NA,NA,0.2,TRUE,0.4,FALSE,0.1,0.2,0.07,0.07,0.1,0.1,0.1,0.5,1,0.0001,1,1,1,1,0
genericRetro,ref,NA,ppnMix,4,sockeye,50,genPA,percentile,NA,NA,0.25,TRUE,TRUE,retro,FALSE,med,NA,NA,0.2,TRUE,0.4,FALSE,0.1,0.2,0.07,0.07,0.1,0.1,0.1,0.5,1,0.0001,1,1,1,1,0
genericRetro,ref,NA,ppnMix,5,sockeye,50,genPA,percentile,NA,NA,0,TRUE,TRUE,retro,FALSE,med,NA,NA,0.2,TRUE,0.4,FALSE,0.1,0.2,0.07,0.07,0.1,0.1,0.1,0.5,1,0.0001,1,1,1,1,0
fixed0.1Retro,ref,NA,ppnMix,1,sockeye,50,fixedER,percentile,0.1,NA,1,TRUE,TRUE,retro,FALSE,med,NA,NA,0.2,TRUE,0.4,FALSE,0.1,0.2,0.07,0.07,0.1,0.1,0.1,0.5,1,0.0001,1,1,1,1,0
fixed0.1Retro,ref,NA,ppnMix,2,sockeye,50,fixedER,percentile,0.1,NA,0.75,TRUE,TRUE,retro,FALSE,med,NA,NA,0.2,TRUE,0.4,FALSE,0.1,0.2,0.07,0.07,0.1,0.1,0.1,0.5,1,0.0001,1,1,1,1,0
fixed0.1Retro,ref,NA,ppnMix,3,sockeye,50,fixedER,percentile,0.1,NA,0.5,TRUE,TRUE,retro,FALSE,med,NA,NA,0.2,TRUE,0.4,FALSE,0.1,0.2,0.07,0.07,0.1,0.1,0.1,0.5,1,0.0001,1,1,1,1,0
fixed0.1Retro,ref,NA,ppnMix,4,sockeye,50,fixedER,percentile,0.1,NA,0.25,TRUE,TRUE,retro,FALSE,med,NA,NA,0.2,TRUE,0.4,FALSE,0.1,0.2,0.07,0.07,0.1,0.1,0.1,0.5,1,0.0001,1,1,1,1,0
fixed0.1Retro,ref,NA,ppnMix,5,sockeye,50,fixedER,percentile,0.1,NA,0,TRUE,TRUE,retro,FALSE,med,NA,NA,0.2,TRUE,0.4,FALSE,0.1,0.2,0.07,0.07,0.1,0.1,0.1,0.5,1,0.0001,1,1,1,1,0
fixed0.3Retro,ref,NA,ppnMix,1,sockeye,50,fixedER,percentile,0.3,NA,1,TRUE,TRUE,retro,FALSE,med,NA,NA,0.2,TRUE,0.4,FALSE,0.1,0.2,0.07,0.07,0.1,0.1,0.1,0.5,1,0.0001,1,1,1,1,0
fixed0.3Retro,ref,NA,ppnMix,2,sockeye,50,fixedER,percentile,0.3,NA,0.75,TRUE,TRUE,retro,FALSE,med,NA,NA,0.2,TRUE,0.4,FALSE,0.1,0.2,0.07,0.07,0.1,0.1,0.1,0.5,1,0.0001,1,1,1,1,0
fixed0.3Retro,ref,NA,ppnMix,3,sockeye,50,fixedER,percentile,0.3,NA,0.5,TRUE,TRUE,retro,FALSE,med,NA,NA,0.2,TRUE,0.4,FALSE,0.1,0.2,0.07,0.07,0.1,0.1,0.1,0.5,1,0.0001,1,1,1,1,0
fixed0.3Retro,ref,NA,ppnMix,4,sockeye,50,fixedER,percentile,0.3,NA,0.25,TRUE,TRUE,retro,FALSE,med,NA,NA,0.2,TRUE,0.4,FALSE,0.1,0.2,0.07,0.07,0.1,0.1,0.1,0.5,1,0.0001,1,1,1,1,0
fixed0.3Retro,ref,NA,ppnMix,5,sockeye,50,fixedER,percentile,0.3,NA,0,TRUE,TRUE,retro,FALSE,med,NA,NA,0.2,TRUE,0.4,FALSE,0.1,0.2,0.07,0.07,0.1,0.1,0.1,0.5,1,0.0001,1,1,1,1,0
fixed0.5Retro,ref,NA,ppnMix,1,sockeye,50,fixedER,percentile,0.5,NA,1,TRUE,TRUE,retro,FALSE,med,NA,NA,0.2,TRUE,0.4,FALSE,0.1,0.2,0.07,0.07,0.1,0.1,0.1,0.5,1,0.0001,1,1,1,1,0
fixed0.5Retro,ref,NA,ppnMix,2,sockeye,50,fixedER,percentile,0.5,NA,0.75,TRUE,TRUE,retro,FALSE,med,NA,NA,0.2,TRUE,0.4,FALSE,0.1,0.2,0.07,0.07,0.1,0.1,0.1,0.5,1,0.0001,1,1,1,1,0
fixed0.5Retro,ref,NA,ppnMix,3,sockeye,50,fixedER,percentile,0.5,NA,0.5,TRUE,TRUE,retro,FALSE,med,NA,NA,0.2,TRUE,0.4,FALSE,0.1,0.2,0.07,0.07,0.1,0.1,0.1,0.5,1,0.0001,1,1,1,1,0
fixed0.5Retro,ref,NA,ppnMix,4,sockeye,50,fixedER,percentile,0.5,NA,0.25,TRUE,TRUE,retro,FALSE,med,NA,NA,0.2,TRUE,0.4,FALSE,0.1,0.2,0.07,0.07,0.1,0.1,0.1,0.5,1,0.0001,1,1,1,1,0
fixed0.5Retro,ref,NA,ppnMix,5,sockeye,50,fixedER,percentile,0.5,NA,0,TRUE,TRUE,retro,FALSE,med,NA,NA,0.2,TRUE,0.4,FALSE,0.1,0.2,0.07,0.07,0.1,0.1,0.1,0.5,1,0.0001,1,1,1,1,0
fixed0.7Retro,ref,NA,ppnMix,1,sockeye,50,fixedER,percentile,0.7,NA,1,TRUE,TRUE,retro,FALSE,med,NA,NA,0.2,TRUE,0.4,FALSE,0.1,0.2,0.07,0.07,0.1,0.1,0.1,0.5,1,0.0001,1,1,1,1,0
fixed0.7Retro,ref,NA,ppnMix,2,sockeye,50,fixedER,percentile,0.7,NA,0.75,TRUE,TRUE,retro,FALSE,med,NA,NA,0.2,TRUE,0.4,FALSE,0.1,0.2,0.07,0.07,0.1,0.1,0.1,0.5,1,0.0001,1,1,1,1,0
fixed0.7Retro,ref,NA,ppnMix,3,sockeye,50,fixedER,percentile,0.7,NA,0.5,TRUE,TRUE,retro,FALSE,med,NA,NA,0.2,TRUE,0.4,FALSE,0.1,0.2,0.07,0.07,0.1,0.1,0.1,0.5,1,0.0001,1,1,1,1,0
fixed0.7Retro,ref,NA,ppnMix,4,sockeye,50,fixedER,percentile,0.7,NA,0.25,TRUE,TRUE,retro,FALSE,med,NA,NA,0.2,TRUE,0.4,FALSE,0.1,0.2,0.07,0.07,0.1,0.1,0.1,0.5,1,0.0001,1,1,1,1,0
fixed0.7Retro,ref,NA,ppnMix,5,sockeye,50,fixedER,percentile,0.7,NA,0,TRUE,TRUE,retro,FALSE,med,NA,NA,0.2,TRUE,0.4,FALSE,0.1,0.2,0.07,0.07,0.1,0.1,0.1,0.5,1,0.0001,1,1,1,1,0
fixed0.9Retro,ref,NA,ppnMix,1,sockeye,50,fixedER,percentile,0.9,NA,1,TRUE,TRUE,retro,FALSE,med,NA,NA,0.2,TRUE,0.4,FALSE,0.1,0.2,0.07,0.07,0.1,0.1,0.1,0.5,1,0.0001,1,1,1,1,0
fixed0.9Retro,ref,NA,ppnMix,2,sockeye,50,fixedER,percentile,0.9,NA,0.75,TRUE,TRUE,retro,FALSE,med,NA,NA,0.2,TRUE,0.4,FALSE,0.1,0.2,0.07,0.07,0.1,0.1,0.1,0.5,1,0.0001,1,1,1,1,0
fixed0.9Retro,ref,NA,ppnMix,3,sockeye,50,fixedER,percentile,0.9,NA,0.5,TRUE,TRUE,retro,FALSE,med,NA,NA,0.2,TRUE,0.4,FALSE,0.1,0.2,0.07,0.07,0.1,0.1,0.1,0.5,1,0.0001,1,1,1,1,0
fixed0.9Retro,ref,NA,ppnMix,4,sockeye,50,fixedER,percentile,0.9,NA,0.25,TRUE,TRUE,retro,FALSE,med,NA,NA,0.2,TRUE,0.4,FALSE,0.1,0.2,0.07,0.07,0.1,0.1,0.1,0.5,1,0.0001,1,1,1,1,0
fixed0.9Retro,ref,NA,ppnMix,5,sockeye,50,fixedER,percentile,0.9,NA,0,TRUE,TRUE,retro,FALSE,med,NA,NA,0.2,TRUE,0.4,FALSE,0.1,0.2,0.07,0.07,0.1,0.1,0.1,0.5,1,0.0001,1,1,1,1,0
fixed0.1Retro_enRoute,fullEnRoute,NA,ppnMix,1,sockeye,50,fixedER,percentile,0.1,NA,1,TRUE,TRUE,retro,FALSE,med,NA,NA,0.2,TRUE,0.4,FALSE,0.1,0.2,0.07,0.07,0.1,0.1,0.1,0.5,1,0.0001,1,1,1,1,1
fixed0.1Retro_enRoute,fullEnRoute,NA,ppnMix,2,sockeye,50,fixedER,percentile,0.1,NA,0.75,TRUE,TRUE,retro,FALSE,med,NA,NA,0.2,TRUE,0.4,FALSE,0.1,0.2,0.07,0.07,0.1,0.1,0.1,0.5,1,0.0001,1,1,1,1,1
fixed0.1Retro_enRoute,fullEnRoute,NA,ppnMix,3,sockeye,50,fixedER,percentile,0.1,NA,0.5,TRUE,TRUE,retro,FALSE,med,NA,NA,0.2,TRUE,0.4,FALSE,0.1,0.2,0.07,0.07,0.1,0.1,0.1,0.5,1,0.0001,1,1,1,1,1
fixed0.1Retro_enRoute,fullEnRoute,NA,ppnMix,4,sockeye,50,fixedER,percentile,0.1,NA,0.25,TRUE,TRUE,retro,FALSE,med,NA,NA,0.2,TRUE,0.4,FALSE,0.1,0.2,0.07,0.07,0.1,0.1,0.1,0.5,1,0.0001,1,1,1,1,1
fixed0.1Retro_enRoute,fullEnRoute,NA,ppnMix,5,sockeye,50,fixedER,percentile,0.1,NA,0,TRUE,TRUE,retro,FALSE,med,NA,NA,0.2,TRUE,0.4,FALSE,0.1,0.2,0.07,0.07,0.1,0.1,0.1,0.5,1,0.0001,1,1,1,1,1
fixed0.3Retro_enRoute,fullEnRoute,NA,ppnMix,1,sockeye,50,fixedER,percentile,0.3,NA,1,TRUE,TRUE,retro,FALSE,med,NA,NA,0.2,TRUE,0.4,FALSE,0.1,0.2,0.07,0.07,0.1,0.1,0.1,0.5,1,0.0001,1,1,1,1,1
fixed0.3Retro_enRoute,fullEnRoute,NA,ppnMix,2,sockeye,50,fixedER,percentile,0.3,NA,0.75,TRUE,TRUE,retro,FALSE,med,NA,NA,0.2,TRUE,0.4,FALSE,0.1,0.2,0.07,0.07,0.1,0.1,0.1,0.5,1,0.0001,1,1,1,1,1
fixed0.3Retro_enRoute,fullEnRoute,NA,ppnMix,3,sockeye,50,fixedER,percentile,0.3,NA,0.5,TRUE,TRUE,retro,FALSE,med,NA,NA,0.2,TRUE,0.4,FALSE,0.1,0.2,0.07,0.07,0.1,0.1,0.1,0.5,1,0.0001,1,1,1,1,1
fixed0.3Retro_enRoute,fullEnRoute,NA,ppnMix,4,sockeye,50,fixedER,percentile,0.3,NA,0.25,TRUE,TRUE,retro,FALSE,med,NA,NA,0.2,TRUE,0.4,FALSE,0.1,0.2,0.07,0.07,0.1,0.1,0.1,0.5,1,0.0001,1,1,1,1,1
fixed0.3Retro_enRoute,fullEnRoute,NA,ppnMix,5,sockeye,50,fixedER,percentile,0.3,NA,0,TRUE,TRUE,retro,FALSE,med,NA,NA,0.2,TRUE,0.4,FALSE,0.1,0.2,0.07,0.07,0.1,0.1,0.1,0.5,1,0.0001,1,1,1,1,1
fixed0.7Retro_enRoute,fullEnRoute,NA,ppnMix,1,sockeye,50,fixedER,percentile,0.7,NA,1,TRUE,TRUE,retro,FALSE,med,NA,NA,0.2,TRUE,0.4,FALSE,0.1,0.2,0.07,0.07,0.1,0.1,0.1,0.5,1,0.0001,1,1,1,1,1
fixed0.7Retro_enRoute,fullEnRoute,NA,ppnMix,2,sockeye,50,fixedER,percentile,0.7,NA,0.75,TRUE,TRUE,retro,FALSE,med,NA,NA,0.2,TRUE,0.4,FALSE,0.1,0.2,0.07,0.07,0.1,0.1,0.1,0.5,1,0.0001,1,1,1,1,1
fixed0.7Retro_enRoute,fullEnRoute,NA,ppnMix,3,sockeye,50,fixedER,percentile,0.7,NA,0.5,TRUE,TRUE,retro,FALSE,med,NA,NA,0.2,TRUE,0.4,FALSE,0.1,0.2,0.07,0.07,0.1,0.1,0.1,0.5,1,0.0001,1,1,1,1,1
fixed0.7Retro_enRoute,fullEnRoute,NA,ppnMix,4,sockeye,50,fixedER,percentile,0.7,NA,0.25,TRUE,TRUE,retro,FALSE,med,NA,NA,0.2,TRUE,0.4,FALSE,0.1,0.2,0.07,0.07,0.1,0.1,0.1,0.5,1,0.0001,1,1,1,1,1
fixed0.7Retro_enRoute,fullEnRoute,NA,ppnMix,5,sockeye,50,fixedER,percentile,0.7,NA,0,TRUE,TRUE,retro,FALSE,med,NA,NA,0.2,TRUE,0.4,FALSE,0.1,0.2,0.07,0.07,0.1,0.1,0.1,0.5,1,0.0001,1,1,1,1,1
fixed0.1Retro_lowProd,lowProd,NA,ppnMix,1,sockeye,50,fixedER,percentile,0.1,NA,1,TRUE,TRUE,retro,FALSE,low,NA,NA,0.2,TRUE,0.4,FALSE,0.1,0.2,0.07,0.07,0.1,0.1,0.1,0.5,1,0.0001,1,1,1,1,0
fixed0.1Retro_lowProd,lowProd,NA,ppnMix,2,sockeye,50,fixedER,percentile,0.1,NA,0.75,TRUE,TRUE,retro,FALSE,low,NA,NA,0.2,TRUE,0.4,FALSE,0.1,0.2,0.07,0.07,0.1,0.1,0.1,0.5,1,0.0001,1,1,1,1,0
fixed0.1Retro_lowProd,lowProd,NA,ppnMix,3,sockeye,50,fixedER,percentile,0.1,NA,0.5,TRUE,TRUE,retro,FALSE,low,NA,NA,0.2,TRUE,0.4,FALSE,0.1,0.2,0.07,0.07,0.1,0.1,0.1,0.5,1,0.0001,1,1,1,1,0
fixed0.1Retro_lowProd,lowProd,NA,ppnMix,4,sockeye,50,fixedER,percentile,0.1,NA,0.25,TRUE,TRUE,retro,FALSE,low,NA,NA,0.2,TRUE,0.4,FALSE,0.1,0.2,0.07,0.07,0.1,0.1,0.1,0.5,1,0.0001,1,1,1,1,0
fixed0.1Retro_lowProd,lowProd,NA,ppnMix,5,sockeye,50,fixedER,percentile,0.1,NA,0,TRUE,TRUE,retro,FALSE,low,NA,NA,0.2,TRUE,0.4,FALSE,0.1,0.2,0.07,0.07,0.1,0.1,0.1,0.5,1,0.0001,1,1,1,1,0
fixed0.2Retro_lowProd,lowProd,NA,ppnMix,1,sockeye,50,fixedER,percentile,0.2,NA,1,TRUE,TRUE,retro,FALSE,low,NA,NA,0.2,TRUE,0.4,FALSE,0.1,0.2,0.07,0.07,0.1,0.1,0.1,0.5,1,0.0001,1,1,1,1,0
fixed0.2Retro_lowProd,lowProd,NA,ppnMix,2,sockeye,50,fixedER,percentile,0.2,NA,0.75,TRUE,TRUE,retro,FALSE,low,NA,NA,0.2,TRUE,0.4,FALSE,0.1,0.2,0.07,0.07,0.1,0.1,0.1,0.5,1,0.0001,1,1,1,1,0
fixed0.2Retro_lowProd,lowProd,NA,ppnMix,3,sockeye,50,fixedER,percentile,0.2,NA,0.5,TRUE,TRUE,retro,FALSE,low,NA,NA,0.2,TRUE,0.4,FALSE,0.1,0.2,0.07,0.07,0.1,0.1,0.1,0.5,1,0.0001,1,1,1,1,0
fixed0.2Retro_lowProd,lowProd,NA,ppnMix,4,sockeye,50,fixedER,percentile,0.2,NA,0.25,TRUE,TRUE,retro,FALSE,low,NA,NA,0.2,TRUE,0.4,FALSE,0.1,0.2,0.07,0.07,0.1,0.1,0.1,0.5,1,0.0001,1,1,1,1,0
fixed0.2Retro_lowProd,lowProd,NA,ppnMix,5,sockeye,50,fixedER,percentile,0.2,NA,0,TRUE,TRUE,retro,FALSE,low,NA,NA,0.2,TRUE,0.4,FALSE,0.1,0.2,0.07,0.07,0.1,0.1,0.1,0.5,1,0.0001,1,1,1,1,0
fixed0.3Retro_lowProd,lowProd,NA,ppnMix,1,sockeye,50,fixedER,percentile,0.3,NA,1,TRUE,TRUE,retro,FALSE,low,NA,NA,0.2,TRUE,0.4,FALSE,0.1,0.2,0.07,0.07,0.1,0.1,0.1,0.5,1,0.0001,1,1,1,1,0
fixed0.3Retro_lowProd,lowProd,NA,ppnMix,2,sockeye,50,fixedER,percentile,0.3,NA,0.75,TRUE,TRUE,retro,FALSE,low,NA,NA,0.2,TRUE,0.4,FALSE,0.1,0.2,0.07,0.07,0.1,0.1,0.1,0.5,1,0.0001,1,1,1,1,0
fixed0.3Retro_lowProd,lowProd,NA,ppnMix,3,sockeye,50,fixedER,percentile,0.3,NA,0.5,TRUE,TRUE,retro,FALSE,low,NA,NA,0.2,TRUE,0.4,FALSE,0.1,0.2,0.07,0.07,0.1,0.1,0.1,0.5,1,0.0001,1,1,1,1,0
fixed0.3Retro_lowProd,lowProd,NA,ppnMix,4,sockeye,50,fixedER,percentile,0.3,NA,0.25,TRUE,TRUE,retro,FALSE,low,NA,NA,0.2,TRUE,0.4,FALSE,0.1,0.2,0.07,0.07,0.1,0.1,0.1,0.5,1,0.0001,1,1,1,1,0
fixed0.3Retro_lowProd,lowProd,NA,ppnMix,5,sockeye,50,fixedER,percentile,0.3,NA,0,TRUE,TRUE,retro,FALSE,low,NA,NA,0.2,TRUE,0.4,FALSE,0.1,0.2,0.07,0.07,0.1,0.1,0.1,0.5,1,0.0001,1,1,1,1,0
fixed0.4Retro_lowProd,lowProd,NA,ppnMix,1,sockeye,50,fixedER,percentile,0.4,NA,1,TRUE,TRUE,retro,FALSE,low,NA,NA,0.2,TRUE,0.4,FALSE,0.1,0.2,0.07,0.07,0.1,0.1,0.1,0.5,1,0.0001,1,1,1,1,0
fixed0.4Retro_lowProd,lowProd,NA,ppnMix,2,sockeye,50,fixedER,percentile,0.4,NA,0.75,TRUE,TRUE,retro,FALSE,low,NA,NA,0.2,TRUE,0.4,FALSE,0.1,0.2,0.07,0.07,0.1,0.1,0.1,0.5,1,0.0001,1,1,1,1,0
fixed0.4Retro_lowProd,lowProd,NA,ppnMix,3,sockeye,50,fixedER,percentile,0.4,NA,0.5,TRUE,TRUE,retro,FALSE,low,NA,NA,0.2,TRUE,0.4,FALSE,0.1,0.2,0.07,0.07,0.1,0.1,0.1,0.5,1,0.0001,1,1,1,1,0
fixed0.4Retro_lowProd,lowProd,NA,ppnMix,4,sockeye,50,fixedER,percentile,0.4,NA,0.25,TRUE,TRUE,retro,FALSE,low,NA,NA,0.2,TRUE,0.4,FALSE,0.1,0.2,0.07,0.07,0.1,0.1,0.1,0.5,1,0.0001,1,1,1,1,0
fixed0.4Retro_lowProd,lowProd,NA,ppnMix,5,sockeye,50,fixedER,percentile,0.4,NA,0,TRUE,TRUE,retro,FALSE,low,NA,NA,0.2,TRUE,0.4,FALSE,0.1,0.2,0.07,0.07,0.1,0.1,0.1,0.5,1,0.0001,1,1,1,1,0
fixed0.5Retro_lowProd,lowProd,NA,ppnMix,1,sockeye,50,fixedER,percentile,0.5,NA,1,TRUE,TRUE,retro,FALSE,low,NA,NA,0.2,TRUE,0.4,FALSE,0.1,0.2,0.07,0.07,0.1,0.1,0.1,0.5,1,0.0001,1,1,1,1,0
fixed0.5Retro_lowProd,lowProd,NA,ppnMix,2,sockeye,50,fixedER,percentile,0.5,NA,0.75,TRUE,TRUE,retro,FALSE,low,NA,NA,0.2,TRUE,0.4,FALSE,0.1,0.2,0.07,0.07,0.1,0.1,0.1,0.5,1,0.0001,1,1,1,1,0
fixed0.5Retro_lowProd,lowProd,NA,ppnMix,3,sockeye,50,fixedER,percentile,0.5,NA,0.5,TRUE,TRUE,retro,FALSE,low,NA,NA,0.2,TRUE,0.4,FALSE,0.1,0.2,0.07,0.07,0.1,0.1,0.1,0.5,1,0.0001,1,1,1,1,0
fixed0.5Retro_lowProd,lowProd,NA,ppnMix,4,sockeye,50,fixedER,percentile,0.5,NA,0.25,TRUE,TRUE,retro,FALSE,low,NA,NA,0.2,TRUE,0.4,FALSE,0.1,0.2,0.07,0.07,0.1,0.1,0.1,0.5,1,0.0001,1,1,1,1,0
fixed0.5Retro_lowProd,lowProd,NA,ppnMix,5,sockeye,50,fixedER,percentile,0.5,NA,0,TRUE,TRUE,retro,FALSE,low,NA,NA,0.2,TRUE,0.4,FALSE,0.1,0.2,0.07,0.07,0.1,0.1,0.1,0.5,1,0.0001,1,1,1,1,0
fixed0.6Retro_lowProd,lowProd,NA,ppnMix,1,sockeye,50,fixedER,percentile,0.6,NA,1,TRUE,TRUE,retro,FALSE,low,NA,NA,0.2,TRUE,0.4,FALSE,0.1,0.2,0.07,0.07,0.1,0.1,0.1,0.5,1,0.0001,1,1,1,1,0
fixed0.6Retro_lowProd,lowProd,NA,ppnMix,2,sockeye,50,fixedER,percentile,0.6,NA,0.75,TRUE,TRUE,retro,FALSE,low,NA,NA,0.2,TRUE,0.4,FALSE,0.1,0.2,0.07,0.07,0.1,0.1,0.1,0.5,1,0.0001,1,1,1,1,0
fixed0.6Retro_lowProd,lowProd,NA,ppnMix,3,sockeye,50,fixedER,percentile,0.6,NA,0.5,TRUE,TRUE,retro,FALSE,low,NA,NA,0.2,TRUE,0.4,FALSE,0.1,0.2,0.07,0.07,0.1,0.1,0.1,0.5,1,0.0001,1,1,1,1,0
fixed0.6Retro_lowProd,lowProd,NA,ppnMix,4,sockeye,50,fixedER,percentile,0.6,NA,0.25,TRUE,TRUE,retro,FALSE,low,NA,NA,0.2,TRUE,0.4,FALSE,0.1,0.2,0.07,0.07,0.1,0.1,0.1,0.5,1,0.0001,1,1,1,1,0
fixed0.6Retro_lowProd,lowProd,NA,ppnMix,5,sockeye,50,fixedER,percentile,0.6,NA,0,TRUE,TRUE,retro,FALSE,low,NA,NA,0.2,TRUE,0.4,FALSE,0.1,0.2,0.07,0.07,0.1,0.1,0.1,0.5,1,0.0001,1,1,1,1,0
fixed0.7Retro_lowProd,lowProd,NA,ppnMix,1,sockeye,50,fixedER,percentile,0.7,NA,1,TRUE,TRUE,retro,FALSE,low,NA,NA,0.2,TRUE,0.4,FALSE,0.1,0.2,0.07,0.07,0.1,0.1,0.1,0.5,1,0.0001,1,1,1,1,0
fixed0.7Retro_lowProd,lowProd,NA,ppnMix,2,sockeye,50,fixedER,percentile,0.7,NA,0.75,TRUE,TRUE,retro,FALSE,low,NA,NA,0.2,TRUE,0.4,FALSE,0.1,0.2,0.07,0.07,0.1,0.1,0.1,0.5,1,0.0001,1,1,1,1,0
fixed0.7Retro_lowProd,lowProd,NA,ppnMix,3,sockeye,50,fixedER,percentile,0.7,NA,0.5,TRUE,TRUE,retro,FALSE,low,NA,NA,0.2,TRUE,0.4,FALSE,0.1,0.2,0.07,0.07,0.1,0.1,0.1,0.5,1,0.0001,1,1,1,1,0
fixed0.7Retro_lowProd,lowProd,NA,ppnMix,4,sockeye,50,fixedER,percentile,0.7,NA,0.25,TRUE,TRUE,retro,FALSE,low,NA,NA,0.2,TRUE,0.4,FALSE,0.1,0.2,0.07,0.07,0.1,0.1,0.1,0.5,1,0.0001,1,1,1,1,0
fixed0.7Retro_lowProd,lowProd,NA,ppnMix,5,sockeye,50,fixedER,percentile,0.7,NA,0,TRUE,TRUE,retro,FALSE,low,NA,NA,0.2,TRUE,0.4,FALSE,0.1,0.2,0.07,0.07,0.1,0.1,0.1,0.5,1,0.0001,1,1,1,1,0
fixed0.8Retro_lowProd,lowProd,NA,ppnMix,1,sockeye,50,fixedER,percentile,0.8,NA,1,TRUE,TRUE,retro,FALSE,low,NA,NA,0.2,TRUE,0.4,FALSE,0.1,0.2,0.07,0.07,0.1,0.1,0.1,0.5,1,0.0001,1,1,1,1,0
fixed0.8Retro_lowProd,lowProd,NA,ppnMix,2,sockeye,50,fixedER,percentile,0.8,NA,0.75,TRUE,TRUE,retro,FALSE,low,NA,NA,0.2,TRUE,0.4,FALSE,0.1,0.2,0.07,0.07,0.1,0.1,0.1,0.5,1,0.0001,1,1,1,1,0
fixed0.8Retro_lowProd,lowProd,NA,ppnMix,3,sockeye,50,fixedER,percentile,0.8,NA,0.5,TRUE,TRUE,retro,FALSE,low,NA,NA,0.2,TRUE,0.4,FALSE,0.1,0.2,0.07,0.07,0.1,0.1,0.1,0.5,1,0.0001,1,1,1,1,0
fixed0.8Retro_lowProd,lowProd,NA,ppnMix,4,sockeye,50,fixedER,percentile,0.8,NA,0.25,TRUE,TRUE,retro,FALSE,low,NA,NA,0.2,TRUE,0.4,FALSE,0.1,0.2,0.07,0.07,0.1,0.1,0.1,0.5,1,0.0001,1,1,1,1,0
fixed0.8Retro_lowProd,lowProd,NA,ppnMix,5,sockeye,50,fixedER,percentile,0.8,NA,0,TRUE,TRUE,retro,FALSE,low,NA,NA,0.2,TRUE,0.4,FALSE,0.1,0.2,0.07,0.07,0.1,0.1,0.1,0.5,1,0.0001,1,1,1,1,0
fixed0.9Retro_lowProd,lowProd,NA,ppnMix,1,sockeye,50,fixedER,percentile,0.9,NA,1,TRUE,TRUE,retro,FALSE,low,NA,NA,0.2,TRUE,0.4,FALSE,0.1,0.2,0.07,0.07,0.1,0.1,0.1,0.5,1,0.0001,1,1,1,1,0
fixed0.9Retro_lowProd,lowProd,NA,ppnMix,2,sockeye,50,fixedER,percentile,0.9,NA,0.75,TRUE,TRUE,retro,FALSE,low,NA,NA,0.2,TRUE,0.4,FALSE,0.1,0.2,0.07,0.07,0.1,0.1,0.1,0.5,1,0.0001,1,1,1,1,0
fixed0.9Retro_lowProd,lowProd,NA,ppnMix,3,sockeye,50,fixedER,percentile,0.9,NA,0.5,TRUE,TRUE,retro,FALSE,low,NA,NA,0.2,TRUE,0.4,FALSE,0.1,0.2,0.07,0.07,0.1,0.1,0.1,0.5,1,0.0001,1,1,1,1,0
fixed0.9Retro_lowProd,lowProd,NA,ppnMix,4,sockeye,50,fixedER,percentile,0.9,NA,0.25,TRUE,TRUE,retro,FALSE,low,NA,NA,0.2,TRUE,0.4,FALSE,0.1,0.2,0.07,0.07,0.1,0.1,0.1,0.5,1,0.0001,1,1,1,1,0
fixed0.9Retro_lowProd,lowProd,NA,ppnMix,5,sockeye,50,fixedER,percentile,0.9,NA,0,TRUE,TRUE,retro,FALSE,low,NA,NA,0.2,TRUE,0.4,FALSE,0.1,0.2,0.07,0.07,0.1,0.1,0.1,0.5,1,0.0001,1,1,1,1,0
fixed0.1Retro_divProd,divergentProd,NA,ppnMix,1,sockeye,50,fixedER,percentile,0.1,NA,1,TRUE,TRUE,retro,FALSE,divergent,NA,NA,0.2,TRUE,0.4,FALSE,0.1,0.2,0.07,0.07,0.1,0.1,0.1,0.5,1,0.0001,1,1,1,1,0
fixed0.1Retro_divProd,divergentProd,NA,ppnMix,2,sockeye,50,fixedER,percentile,0.1,NA,0.75,TRUE,TRUE,retro,FALSE,divergent,NA,NA,0.2,TRUE,0.4,FALSE,0.1,0.2,0.07,0.07,0.1,0.1,0.1,0.5,1,0.0001,1,1,1,1,0
fixed0.1Retro_divProd,divergentProd,NA,ppnMix,3,sockeye,50,fixedER,percentile,0.1,NA,0.5,TRUE,TRUE,retro,FALSE,divergent,NA,NA,0.2,TRUE,0.4,FALSE,0.1,0.2,0.07,0.07,0.1,0.1,0.1,0.5,1,0.0001,1,1,1,1,0
fixed0.1Retro_divProd,divergentProd,NA,ppnMix,4,sockeye,50,fixedER,percentile,0.1,NA,0.25,TRUE,TRUE,retro,FALSE,divergent,NA,NA,0.2,TRUE,0.4,FALSE,0.1,0.2,0.07,0.07,0.1,0.1,0.1,0.5,1,0.0001,1,1,1,1,0
fixed0.1Retro_divProd,divergentProd,NA,ppnMix,5,sockeye,50,fixedER,percentile,0.1,NA,0,TRUE,TRUE,retro,FALSE,divergent,NA,NA,0.2,TRUE,0.4,FALSE,0.1,0.2,0.07,0.07,0.1,0.1,0.1,0.5,1,0.0001,1,1,1,1,0
fixed0.3Retro_divProd,divergentProd,NA,ppnMix,1,sockeye,50,fixedER,percentile,0.3,NA,1,TRUE,TRUE,retro,FALSE,divergent,NA,NA,0.2,TRUE,0.4,FALSE,0.1,0.2,0.07,0.07,0.1,0.1,0.1,0.5,1,0.0001,1,1,1,1,0
fixed0.3Retro_divProd,divergentProd,NA,ppnMix,2,sockeye,50,fixedER,percentile,0.3,NA,0.75,TRUE,TRUE,retro,FALSE,divergent,NA,NA,0.2,TRUE,0.4,FALSE,0.1,0.2,0.07,0.07,0.1,0.1,0.1,0.5,1,0.0001,1,1,1,1,0
fixed0.3Retro_divProd,divergentProd,NA,ppnMix,3,sockeye,50,fixedER,percentile,0.3,NA,0.5,TRUE,TRUE,retro,FALSE,divergent,NA,NA,0.2,TRUE,0.4,FALSE,0.1,0.2,0.07,0.07,0.1,0.1,0.1,0.5,1,0.0001,1,1,1,1,0
fixed0.3Retro_divProd,divergentProd,NA,ppnMix,4,sockeye,50,fixedER,percentile,0.3,NA,0.25,TRUE,TRUE,retro,FALSE,divergent,NA,NA,0.2,TRUE,0.4,FALSE,0.1,0.2,0.07,0.07,0.1,0.1,0.1,0.5,1,0.0001,1,1,1,1,0
fixed0.3Retro_divProd,divergentProd,NA,ppnMix,5,sockeye,50,fixedER,percentile,0.3,NA,0,TRUE,TRUE,retro,FALSE,divergent,NA,NA,0.2,TRUE,0.4,FALSE,0.1,0.2,0.07,0.07,0.1,0.1,0.1,0.5,1,0.0001,1,1,1,1,0
fixed0.7Retro_divProd,divergentProd,NA,ppnMix,1,sockeye,50,fixedER,percentile,0.7,NA,1,TRUE,TRUE,retro,FALSE,divergent,NA,NA,0.2,TRUE,0.4,FALSE,0.1,0.2,0.07,0.07,0.1,0.1,0.1,0.5,1,0.0001,1,1,1,1,0
fixed0.7Retro_divProd,divergentProd,NA,ppnMix,2,sockeye,50,fixedER,percentile,0.7,NA,0.75,TRUE,TRUE,retro,FALSE,divergent,NA,NA,0.2,TRUE,0.4,FALSE,0.1,0.2,0.07,0.07,0.1,0.1,0.1,0.5,1,0.0001,1,1,1,1,0
fixed0.7Retro_divProd,divergentProd,NA,ppnMix,3,sockeye,50,fixedER,percentile,0.7,NA,0.5,TRUE,TRUE,retro,FALSE,divergent,NA,NA,0.2,TRUE,0.4,FALSE,0.1,0.2,0.07,0.07,0.1,0.1,0.1,0.5,1,0.0001,1,1,1,1,0
fixed0.7Retro_divProd,divergentProd,NA,ppnMix,4,sockeye,50,fixedER,percentile,0.7,NA,0.25,TRUE,TRUE,retro,FALSE,divergent,NA,NA,0.2,TRUE,0.4,FALSE,0.1,0.2,0.07,0.07,0.1,0.1,0.1,0.5,1,0.0001,1,1,1,1,0
fixed0.7Retro_divProd,divergentProd,NA,ppnMix,5,sockeye,50,fixedER,percentile,0.7,NA,0,TRUE,TRUE,retro,FALSE,divergent,NA,NA,0.2,TRUE,0.4,FALSE,0.1,0.2,0.07,0.07,0.1,0.1,0.1,0.5,1,0.0001,1,1,1,1,0
fixed0.3Retro_noObsErr,noObsErr,NA,ppnMix,1,sockeye,50,fixedER,percentile,0.3,NA,1,TRUE,TRUE,retro,FALSE,med,NA,NA,0.2,TRUE,0.4,FALSE,0.1,0,0.07,0.07,0.1,0.1,0.1,0.5,1,0.0001,1,1,1,1,0
fixed0.3Retro_noObsErr,noObsErr,NA,ppnMix,2,sockeye,50,fixedER,percentile,0.3,NA,0.75,TRUE,TRUE,retro,FALSE,med,NA,NA,0.2,TRUE,0.4,FALSE,0.1,0,0.07,0.07,0.1,0.1,0.1,0.5,1,0.0001,1,1,1,1,0
fixed0.3Retro_noObsErr,noObsErr,NA,ppnMix,3,sockeye,50,fixedER,percentile,0.3,NA,0.5,TRUE,TRUE,retro,FALSE,med,NA,NA,0.2,TRUE,0.4,FALSE,0.1,0,0.07,0.07,0.1,0.1,0.1,0.5,1,0.0001,1,1,1,1,0
fixed0.3Retro_noObsErr,noObsErr,NA,ppnMix,4,sockeye,50,fixedER,percentile,0.3,NA,0.25,TRUE,TRUE,retro,FALSE,med,NA,NA,0.2,TRUE,0.4,FALSE,0.1,0,0.07,0.07,0.1,0.1,0.1,0.5,1,0.0001,1,1,1,1,0
fixed0.3Retro_noObsErr,noObsErr,NA,ppnMix,5,sockeye,50,fixedER,percentile,0.3,NA,0,TRUE,TRUE,retro,FALSE,med,NA,NA,0.2,TRUE,0.4,FALSE,0.1,0,0.07,0.07,0.1,0.1,0.1,0.5,1,0.0001,1,1,1,1,0
fixed0.1Retro_enRouteLow,fullEnRoute_lowProd,NA,ppnMix,1,sockeye,50,fixedER,percentile,0.1,NA,1,TRUE,TRUE,retro,FALSE,low,NA,NA,0.2,TRUE,0.4,FALSE,0.1,0.2,0.07,0.07,0.1,0.1,0.1,0.5,1,0.0001,1,1,1,1,1
fixed0.1Retro_enRouteLow,fullEnRoute_lowProd,NA,ppnMix,2,sockeye,50,fixedER,percentile,0.1,NA,0.75,TRUE,TRUE,retro,FALSE,low,NA,NA,0.2,TRUE,0.4,FALSE,0.1,0.2,0.07,0.07,0.1,0.1,0.1,0.5,1,0.0001,1,1,1,1,1
fixed0.1Retro_enRouteLow,fullEnRoute_lowProd,NA,ppnMix,3,sockeye,50,fixedER,percentile,0.1,NA,0.5,TRUE,TRUE,retro,FALSE,low,NA,NA,0.2,TRUE,0.4,FALSE,0.1,0.2,0.07,0.07,0.1,0.1,0.1,0.5,1,0.0001,1,1,1,1,1
fixed0.1Retro_enRouteLow,fullEnRoute_lowProd,NA,ppnMix,4,sockeye,50,fixedER,percentile,0.1,NA,0.25,TRUE,TRUE,retro,FALSE,low,NA,NA,0.2,TRUE,0.4,FALSE,0.1,0.2,0.07,0.07,0.1,0.1,0.1,0.5,1,0.0001,1,1,1,1,1
fixed0.1Retro_enRouteLow,fullEnRoute_lowProd,NA,ppnMix,5,sockeye,50,fixedER,percentile,0.1,NA,0,TRUE,TRUE,retro,FALSE,low,NA,NA,0.2,TRUE,0.4,FALSE,0.1,0.2,0.07,0.07,0.1,0.1,0.1,0.5,1,0.0001,1,1,1,1,1
fixed0.3Retro_enRouteLow,fullEnRoute_lowProd,NA,ppnMix,1,sockeye,50,fixedER,percentile,0.3,NA,1,TRUE,TRUE,retro,FALSE,low,NA,NA,0.2,TRUE,0.4,FALSE,0.1,0.2,0.07,0.07,0.1,0.1,0.1,0.5,1,0.0001,1,1,1,1,1
fixed0.3Retro_enRouteLow,fullEnRoute_lowProd,NA,ppnMix,2,sockeye,50,fixedER,percentile,0.3,NA,0.75,TRUE,TRUE,retro,FALSE,low,NA,NA,0.2,TRUE,0.4,FALSE,0.1,0.2,0.07,0.07,0.1,0.1,0.1,0.5,1,0.0001,1,1,1,1,1
fixed0.3Retro_enRouteLow,fullEnRoute_lowProd,NA,ppnMix,3,sockeye,50,fixedER,percentile,0.3,NA,0.5,TRUE,TRUE,retro,FALSE,low,NA,NA,0.2,TRUE,0.4,FALSE,0.1,0.2,0.07,0.07,0.1,0.1,0.1,0.5,1,0.0001,1,1,1,1,1
fixed0.3Retro_enRouteLow,fullEnRoute_lowProd,NA,ppnMix,4,sockeye,50,fixedER,percentile,0.3,NA,0.25,TRUE,TRUE,retro,FALSE,low,NA,NA,0.2,TRUE,0.4,FALSE,0.1,0.2,0.07,0.07,0.1,0.1,0.1,0.5,1,0.0001,1,1,1,1,1
fixed0.3Retro_enRouteLow,fullEnRoute_lowProd,NA,ppnMix,5,sockeye,50,fixedER,percentile,0.3,NA,0,TRUE,TRUE,retro,FALSE,low,NA,NA,0.2,TRUE,0.4,FALSE,0.1,0.2,0.07,0.07,0.1,0.1,0.1,0.5,1,0.0001,1,1,1,1,1
fixed0.7Retro_enRouteLow,fullEnRoute_lowProd,NA,ppnMix,1,sockeye,50,fixedER,percentile,0.7,NA,1,TRUE,TRUE,retro,FALSE,low,NA,NA,0.2,TRUE,0.4,FALSE,0.1,0.2,0.07,0.07,0.1,0.1,0.1,0.5,1,0.0001,1,1,1,1,1
fixed0.7Retro_enRouteLow,fullEnRoute_lowProd,NA,ppnMix,2,sockeye,50,fixedER,percentile,0.7,NA,0.75,TRUE,TRUE,retro,FALSE,low,NA,NA,0.2,TRUE,0.4,FALSE,0.1,0.2,0.07,0.07,0.1,0.1,0.1,0.5,1,0.0001,1,1,1,1,1
fixed0.7Retro_enRouteLow,fullEnRoute_lowProd,NA,ppnMix,3,sockeye,50,fixedER,percentile,0.7,NA,0.5,TRUE,TRUE,retro,FALSE,low,NA,NA,0.2,TRUE,0.4,FALSE,0.1,0.2,0.07,0.07,0.1,0.1,0.1,0.5,1,0.0001,1,1,1,1,1
fixed0.7Retro_enRouteLow,fullEnRoute_lowProd,NA,ppnMix,4,sockeye,50,fixedER,percentile,0.7,NA,0.25,TRUE,TRUE,retro,FALSE,low,NA,NA,0.2,TRUE,0.4,FALSE,0.1,0.2,0.07,0.07,0.1,0.1,0.1,0.5,1,0.0001,1,1,1,1,1
fixed0.7Retro_enRouteLow,fullEnRoute_lowProd,NA,ppnMix,5,sockeye,50,fixedER,percentile,0.7,NA,0,TRUE,TRUE,retro,FALSE,low,NA,NA,0.2,TRUE,0.4,FALSE,0.1,0.2,0.07,0.07,0.1,0.1,0.1,0.5,1,0.0001,1,1,1,1,1
